Institution,Name,Location,URL
University of Southern California,POIR Predoctoral Summer Institute,"University of Southern California, Los Angeles, CA, USA",https://dornsife.usc.edu/poir/predoctoral-summer-institute/
Duke University,Ralph Bunche Summer Institute,"Duke University, Durham, NC, USA",https://www.apsanet.org/rbsi
UC San Diego,START,"9500 Gilman Dr, La Jolla, CA, USA",https://grad.ucsd.edu/diversity/programs/stars/project-descriptions.html#Political-Science
MIT,MSRP,"77 Massachusetts Avenue, Cambridge, MA, USA",https://oge.mit.edu/graddiversity/msrp/
UC Irvine,SURF,"University of California Irvine, Irvine, CA, USA",https://grad.uci.edu/about-us/diversity/grad-prep-programs/surf.php
University of Washington Tacoma,NSF REU: Spatial Models and Electoral Districting,"1900 Commerce St, Tacoma, WA, USA",https://www.tacoma.uw.edu/smed/nsf-reu-site-spatial-models-electoral-districting
University of North Texas,NSF REU: Civil Conflict Management and Peace Science,"1155 Union Cir, Denton, TX, USA",https://untconflictmgmtreu.wordpress.com/
Princeton University,Emerging Scholars in Political Science,"Princeton University, Princeton, NJ, USA",https://politics.princeton.edu/graduate/emerging-scholars-program
Harvard University,PS-Prep,"Massachusetts Hall, Cambridge, MA, USA",https://projects.iq.harvard.edu/ps-prep